n,real,imag,mag,phase
0,20,10,22.3607,0.463648
1,1,1.28651e-15,1,1.28651e-15
2,0.00216506,0.00125,0.0025,0.523599
