n,real,imag,mag,phase
0,1,0,1,0
1,1,0.866025,1.32288,0.713724
2,-0.25,1.29904,1.32288,1.76092
3,-1.25,0.433013,1.32288,2.80812
4,-1,-0.866025,1.32288,-2.42787
5,0.25,-1.29904,1.32288,-1.38067
6,0.25,-0.433013,0.5,-1.0472
