n,real,imag,mag,phase
0,1,0,1,0
1,0.5,0.866025,1,1.0472
2,-0.5,0.866025,1,2.0944
3,-1,1.22461e-16,1,3.14159
4,-0.5,-0.866025,1,-2.0944
5,0.5,-0.866025,1,-1.0472
