n,real,imag,mag,phase
0,1.25,-0.433013,1.32288,-0.333473
