n,real,imag,mag,phase
0,1.41421,1.41421,2,0.785398
1,0.433013,-0.25,0.5,-0.523599
2,0.965926,0.258819,1,0.261799
