n,real,imag,mag,phase
0,0.770481,-0.257693,0.812433,-0.322761
1,0.922985,-0.0382733,0.923779,-0.0414431
2,0.808754,0.165293,0.825473,0.201603
3,0.643462,0.161547,0.663431,0.245976
4,0.596146,0.101443,0.604715,0.16855
5,0.545765,0.0923999,0.553531,0.167713
6,0.449619,-0.00904278,0.44971,-0.0201094
7,0.512788,-0.215674,0.556298,-0.398129
