n,real,imag,mag,phase
0,1,-8.32667e-17,1,-8.32667e-17
1,1,-3.06152e-17,1,-3.06152e-17
2,1,8.32667e-17,1,8.32667e-17
3,9.71445e-17,5.55112e-17,1.11886e-16,0.519146
4,-8.32667e-17,1.11022e-16,1.38778e-16,2.2143
5,0,2.20405e-16,2.20405e-16,1.5708
6,-3.05311e-16,-5.55112e-17,3.10317e-16,-2.96174
7,1.26288e-15,1.11022e-16,1.26775e-15,0.0876867
