n,real,imag,mag,phase
0,3,0,3,0
1,1.70711,-1.70711,2.41421,-0.785398
2,0,-1,1,-1.5708
3,0.292893,0.292893,0.414214,0.785398
4,1,1.22461e-16,1,1.22461e-16
5,0.292893,-0.292893,0.414214,-0.785398
6,-2.22045e-16,1,1,1.5708
7,1.70711,1.70711,2.41421,0.785398
